{
  "_cached_at": 1773791350.6689496,
  "_cached_at_iso": "2026-03-17T23:49:10.668951+00:00",
  "data": {
    "TypeScript": 1102109,
    "HTML": 554744,
    "CSS": 7348,
    "PLpgSQL": 7034,
    "JavaScript": 1713
  }
}