{
  "_cached_at": 1773791348.48735,
  "_cached_at_iso": "2026-03-17T23:49:08.487352+00:00",
  "data": {
    "TypeScript": 167970,
    "Python": 93238,
    "CSS": 4168,
    "JavaScript": 1713,
    "Dockerfile": 1629
  }
}