{
  "_cached_at": 1773791349.1798036,
  "_cached_at_iso": "2026-03-17T23:49:09.179806+00:00",
  "data": {
    "Python": 432247,
    "TypeScript": 167970,
    "CSS": 4168,
    "Jupyter Notebook": 2569,
    "JavaScript": 1713,
    "Dockerfile": 1329
  }
}